-Infinity,NaN
-0.03,NaN
-0.01,NaN
0,-56837463
0.01,-4.60517
0.03,-3.5065579
0.41721,-0.8741656
0.42634,-0.8525181
0.44721,-0.804727
0.45634,-0.7845171
0.47721,-0.7397986
0.48634,-0.7208473
0.9,-0.1053605
0.97,-0.0304592
0.99,-0.0100503
1,0
1.01,0.00995033
1.03,0.0295588
1.1,0.0953102
1.5,0.4054651
2.66841,0.9814828
2.69841,0.9926627
2.718281828,1
2.72841,1.003719
4.4,1.4816045
5.0,1.6094379
5.06,1.6213665
5.436563656,2
Infinity,Infinity

