-Infinity,NaN
-0.03,NaN
0,-5262354
0.03,-61.4587544
0.41721,-28.2050784
0.42634,-28.1715983
0.44721,-28.1401531
0.45634,-28.1461999
0.47721,-28.205964
0.48634,-28.2525849
0.97,-233.0265673
1,-730951
1.03,214.7133093
1.5,6.9274081
2.66841,0.406048
2.69841,0.3804111
2.72841,0.3563489
4.4,0.012515
5,0
5.06,-0.0013598
Infinity,-Infinity

