-Infinity,NaN
-0.03,NaN
0,-7563354
0.03,133.9030719
0.41721,15.3195775
0.42634,14.9224758
0.44721,14.0702171
0.45634,13.7198061
0.47721,12.9652306
0.48634,12.6539829
0.97,4.4101139
1,NaN
1.03,3.9434067
1.5,1.7452194
2.66841,0.2476201
2.69841,0.2346285
2.72841,0.2222355
4.4,0.002089
5.0,0.0
5.06,-0.0014555
Infinity,Infinity

