-Infinity,NaN
-0.03,NaN
0,NaN
0.03,5.1159958
0.41721,2.4836035
0.42634,2.461956
0.44721,2.4141649
0.45634,2.393955
0.47721,2.3492365
0.48634,2.3302852
0.97,1.6398971
1,NaN
1.03,1.5798791
1.5,1.2039728
2.66841,0.6279551
2.69841,0.6167752
2.72841,0.6167752
4.4,0.002089
5,0
5.06,-0.0014555
Infinity,-Infinity

