-Infinity,NaN
-0.03,NaN
0,NaN
0.03,1.6094379
0.41721,1.6094379
0.42634,1.6094379
0.44721,1.6094379
0.45634,1.6094379
0.47721,1.6094379
0.48634,1.6094379
0.97,1.6094379
1,NaN
1.03,1.6094379
1.5,1.6094379
2.66841,1.6094379
2.69841,1.6094379
2.72841,1.6094379
4.4,1.6094379
5,1.6094379
5.06,1.6094379
Infinity,1.6094379

