-Infinity,NaN
-0.03,NaN
0,NaN
0.03,4.7469381
0.42634,0.2805813
0.45634,0.2376055
0.48634,0.2006033
0.9,0.0042856
0.97,0.00035817
1,0
1.03,0.000337306
1.1,0.003507
1.5,0.0634685
2.66841,0.3718921
2.69841,0.3804127
2.72841,0.388934
5,1
Infinity,Infinity

