-Infinity,NaN
-0.03,NaN
0.0,-Infinity
0.03,-2.1787469
0.41721,-0.5431496
0.42634,-0.5296993
0.44721,-0.500005
0.45634,-0.4874479
0.47721,-0.4596627
0.48634,-0.4478876
0.9,-0.0654642
0.97,-0.0189254
1.0,0.0
1.03,0.0183659
1.1,0.0592195
1.5,0.2519296
2.66841,0.6098295
2.69841,0.616776
2.72841,0.6236457
4.4,0.9205727
5.0,1.0
5.06,1.0704151
Infinity,Infinity

