-Infinity,NaN
-0.03,NaN
0,-5262354
0.03,-66.2056925
0.42634,-28.4521796
0.45634,-28.3828053
0.48634,-28.4531882
0.97,-233.0269255
1,-670951
1.03,214.712972
1.5,6.86393953
2.66841,0.0341559
2.69841,0
2.72841,-0.032585
5,-1
Infinity,-Infinity
