-Infinity,NaN
-7.883981634,1
-7.853981634,1
-7.823981634,1
-6.313185307,1
-6.283185307,1
-6.253185307,1
-5.72725,1
-5.69725,1
-5.66725,1
-5.497787144,1
-4.71538898,1
-4.71238898,1
-4.68238898,1
-3.926990817,1
-3.78974,1
-3.75974,1
-3.72974,1
-3.171592654,1
-3.141592654,1
-3.111592654,1
-2.3737,1
-2.35619449,1
-2.3437,1
-2.3137,1
-1.720796327,1
-1.600796327,1
-1.570796327,1
-1.540796327,1
-1.420796327,1
-0.785398163,1
-0.71763,1
-0.68763,1
-0.65763,1
-0.03,1
0,1
0.03,1
Infinity,NaN
